{"cameraMode":{"drawMode":0,"name":"Shaded","section":"Shading Mode"},"sceneLighting":false,"audioPlay":false,"sceneViewState":{"showFog":true,"showMaterialUpdate":false,"showSkybox":false,"showFlares":true,"showImageEffects":true,"showParticleSystems":true},"in2DMode":false,"pivot":{"x":152.56385803222657,"y":1.0061454772949219,"z":38.03575897216797},"rotation":{"x":0.005195532459765673,"y":0.9946748614311218,"z":-0.06424565613269806,"w":0.08043918758630753},"size":0.6965531706809998,"orthographic":false}